from_node,to_node,name
n54,T1,PUMP_1
n229,n226,PRV-3
n336,n111,PRV-2
n303,n300,PRV-1
n62,n61,p1
n66,n64,p2
n86,n90,p3
n71,n70,p4
n3,n2,p5
n12,n14,p6
n6,n9,p7
n22,n30,p8
n67,n66,p9
n46,n48,p10
n7,n10,p11
n9,n4,p12
n31,n27,p13
n14,n16,p14
n15,n16,p15
n16,n18,p16
n18,n20,p17
n18,n24,p18
n21,n25,p19
n26,n28,p20
n27,n34,p21
n28,n33,p22
n29,n32,p23
n32,n36,p24
n33,n35,p25
n34,n37,p26
n35,n38,p27
n36,n41,p28
n37,n45,p29
n37,n39,p30
n40,n42,p31
n42,n43,p32
n43,n45,p33
n50,n55,p34
n51,n53,p35
n52,n56,p36
n54,n57,p37
n60,n61,p38
n61,n65,p39
n62,n64,p40
n63,n65,p41
n72,n73,p42
n73,n74,p43
n74,n76,p44
n76,n78,p45
n77,n79,p46
n78,n80,p47
n79,n81,p48
n85,n86,p49
n89,n91,p50
n91,n92,p51
n91,n88,p52
n238,n235,p53
n278,n279,p54
n267,n269,p55
n310,n312,p56
n218,n219,p57
n277,n278,p58
n268,n273,p59
n309,n308,p60
n280,n286,p61
n275,n280,p62
n280,n283,p63
n293,n294,p64
n287,n291,p65
n245,n240,p66
n250,n249,p67
n258,n259,p68
n314,n316,p69
n302,n297,p70
n328,n327,p71
n242,n246,p72
n236,n242,p73
n233,n236,p74
n231,n233,p75
n227,n231,p76
n302,n301,p77
n254,n253,p78
n222,n221,p79
n235,n239,p80
n126,n121,p81
n121,n118,p82
n177,n175,p83
n162,n159,p84
n193,n190,p85
n150,n153,p86
n156,n157,p87
n168,n171,p88
n141,n133,p89
n122,n120,p90
n145,n146,p91
n109,n107,p92
n189,n188,p93
n194,n193,p94
n94,n97,p95
n96,n99,p96
n99,n102,p97
n101,n103,p98
n102,n106,p99
n102,n107,p100
n103,n107,p101
n104,n114,p102
n104,n108,p103
n105,n113,p104
n110,n115,p105
n110,n112,p106
n113,n120,p107
n114,n116,p108
n114,n119,p109
n115,n111,p110
n116,n125,p111
n127,n131,p112
n134,n137,p113
n136,n147,p114
n138,n143,p115
n139,n135,p116
n140,n144,p117
n141,n145,p118
n144,n155,p119
n146,n149,p120
n147,n148,p121
n148,n151,p122
n155,n159,p123
n157,n160,p124
n160,n164,p125
n161,n163,p126
n162,n169,p127
n166,n168,p128
n167,n170,p129
n169,n176,p130
n170,n174,p131
n171,n173,p132
n172,n175,p133
n173,n174,p134
n177,n179,p135
n178,n180,p136
n183,n185,p137
n180,n186,p138
n180,n181,p139
n186,n192,p140
n189,n195,p141
n192,n196,p142
n197,n199,p143
n201,n202,p144
n205,n206,p145
n205,n208,p146
n217,n215,p147
n209,n210,p148
n209,n211,p149
n210,n213,p150
n212,n216,p151
n212,n215,p152
n221,n223,p153
n223,n224,p154
n226,n227,p155
n228,n232,p156
n231,n234,p157
n232,n235,p158
n233,n237,p159
n236,n243,p160
n239,n241,p161
n242,n247,p162
n244,n251,p163
n248,n249,p164
n250,n257,p165
n252,n258,p166
n260,n256,p167
n262,n267,p168
n269,n273,p169
n270,n276,p170
n271,n274,p171
n274,n281,p172
n281,n282,p173
n282,n286,p174
n283,n289,p175
n284,n293,p176
n284,n290,p177
n289,n293,p178
n291,n292,p179
n292,n295,p180
n292,n296,p181
n298,n300,p182
n299,n305,p183
n301,n308,p184
n305,n306,p185
n311,n316,p186
n312,n313,p187
n314,n319,p188
n316,n320,p189
n317,n321,p190
n322,n323,p191
n325,n326,p192
n326,n327,p193
n328,n331,p194
n246,n217,p195
n95,n98,p196
n122,n124,p197
n130,n133,p198
n137,n142,p199
n154,n156,p200
n163,n167,p201
n164,n166,p202
n174,n178,p203
n179,n183,p204
n181,n182,p205
n185,n188,p206
n208,n209,p207
n221,n220,p208
n241,n244,p209
n245,n249,p210
n251,n255,p211
n260,n261,p212
n263,n267,p213
n264,n266,p214
n273,n277,p215
n304,n307,p216
n306,n308,p217
n309,n310,p218
n315,n317,p219
n320,n322,p220
n323,n324,p221
n324,n325,p222
n103,n105,p223
n136,n334,p224
n334,n333,p225
n332,n143,p226
R1,n303,p227
n130,n128,p228
n129,n69,p229
n67,n70,p230
n144,n80,p231
n184,n191,p232
n152,n158,p233
n124,n128,p234
R2,n336,p235
n210,n212,p236
n341,n198,p237
n151,n154,p238
T1,n343,p239
n343,n44,p240
n5,n8,p241
n8,n11,p242
n11,n13,p243
n13,n17,p244
n17,n21,p245
n10,n344,p246
n344,n15,p247
n24,n346,p248
n345,n29,p249
n19,n345,p250
n23,n31,p251
n20,n23,p252
n1,n347,p253
n347,n348,p254
n348,n349,p255
n349,n350,p256
n350,n351,p257
n351,n7,p258
n2,n352,p259
n352,n10,p260
n3,n353,p261
n353,n354,p262
n354,n344,p263
n5,n355,p264
n355,n356,p265
n356,n12,p266
n6,n357,p267
n357,n14,p268
n7,n358,p269
n358,n359,p270
n359,n22,p271
n8,n360,p272
n360,n361,p273
n361,n20,p274
n10,n362,p275
n362,n363,p276
n363,n19,p277
n11,n364,p278
n364,n365,p279
n365,n23,p280
n13,n366,p281
n366,n367,p282
n367,n26,p283
n15,n368,p284
n368,n345,p285
n17,n369,p286
n369,n370,p287
n370,n33,p288
n19,n371,p289
n371,n344,p290
n20,n372,p291
n372,n27,p292
n21,n373,p293
n373,n35,p294
n22,n374,p295
n374,n375,p296
n375,n376,p297
n376,n29,p298
n23,n377,p299
n377,n26,p300
n24,n378,p301
n378,n379,p302
n379,n345,p303
n28,n380,p304
n380,n42,p305
n30,n381,p306
n381,n382,p307
n382,n383,p308
n383,n36,p309
n32,n384,p310
n384,n346,p311
n34,n385,p312
n385,n346,p313
n38,n386,p314
n386,n40,p315
n44,n387,p316
n387,n388,p317
n388,n45,p318
n44,n389,p319
n389,n346,p320
n47,n390,p321
n390,n391,p322
n391,n392,p323
n392,n60,p324
n47,n393,p325
n393,n394,p326
n394,n395,p327
n395,n396,p328
n396,n397,p329
n397,n398,p330
n398,n399,p331
n399,n75,p332
n48,n400,p333
n400,n401,p334
n401,n59,p335
n48,n402,p336
n402,n403,p337
n403,n404,p338
n404,n50,p339
n49,n405,p340
n405,n57,p341
n51,n406,p342
n406,n58,p343
n52,n407,p344
n407,n58,p345
n54,n408,p346
n408,n62,p347
n55,n409,p348
n409,n59,p349
n55,n410,p350
n410,n411,p351
n411,n68,p352
n56,n412,p353
n412,n413,p354
n413,n67,p355
n57,n414,p356
n414,n66,p357
n58,n415,p358
n415,n117,p359
n59,n416,p360
n416,n417,p361
n417,n68,p362
n62,n418,p363
n418,n419,p364
n419,n72,p365
n63,n420,p366
n420,n421,p367
n421,n422,p368
n422,n423,p369
n423,n424,p370
n424,n82,p371
n64,n425,p372
n425,n426,p373
n426,n73,p374
n65,n427,p375
n427,n428,p376
n428,n429,p377
n429,n430,p378
n430,n431,p379
n431,n432,p380
n432,n433,p381
n433,n85,p382
n68,n434,p383
n434,n75,p384
n69,n435,p385
n435,n70,p386
n72,n436,p387
n436,n77,p388
n74,n437,p389
n437,n79,p390
n75,n438,p391
n438,n82,p392
n76,n439,p393
n439,n81,p394
n77,n440,p395
n440,n441,p396
n441,n442,p397
n442,n87,p398
n78,n443,p399
n443,n444,p400
n444,n84,p401
n80,n445,p402
n445,n84,p403
n81,n446,p404
n446,n447,p405
n447,n448,p406
n448,n89,p407
n82,n449,p408
n449,n85,p409
n83,n450,p410
n450,n451,p411
n451,n90,p412
n84,n452,p413
n452,n453,p414
n453,n89,p415
n87,n454,p416
n454,n455,p417
n455,n456,p418
n456,n457,p419
n457,n93,p420
n89,n458,p421
n458,n459,p422
n459,n460,p423
n460,n169,p424
n90,n461,p425
n461,n462,p426
n462,n340,p427
n93,n463,p428
n463,n464,p429
n464,n465,p430
n465,n184,p431
n93,n466,p432
n466,n467,p433
n467,n342,p434
n94,n468,p435
n468,n98,p436
n94,n469,p437
n469,n470,p438
n470,n471,p439
n471,n95,p440
n95,n472,p441
n472,n96,p442
n96,n473,p443
n473,n101,p444
n97,n474,p445
n474,n100,p446
n97,n475,p447
n475,n476,p448
n476,n110,p449
n98,n477,p450
n477,n101,p451
n99,n478,p452
n478,n479,p453
n479,n480,p454
n480,n481,p455
n481,n104,p456
n100,n482,p457
n482,n112,p458
n100,n483,p459
n483,n105,p460
n106,n484,p461
n484,n485,p462
n485,n116,p463
n108,n486,p464
n486,n118,p465
n108,n487,p466
n487,n119,p467
n109,n488,p468
n488,n489,p469
n489,n490,p470
n490,n125,p471
n112,n491,p472
n491,n120,p473
n113,n492,p474
n492,n493,p475
n493,n123,p476
n115,n494,p477
n494,n124,p478
n115,n495,p479
n495,n128,p480
n117,n496,p481
n496,n497,p482
n497,n130,p483
n117,n498,p484
n498,n129,p485
n119,n499,p486
n499,n127,p487
n120,n500,p488
n500,n501,p489
n501,n502,p490
n502,n136,p491
n121,n503,p492
n503,n127,p493
n122,n504,p494
n504,n505,p495
n505,n334,p496
n123,n506,p497
n506,n132,p498
n123,n507,p499
n507,n508,p500
n508,n509,p501
n509,n134,p502
n124,n510,p503
n510,n511,p504
n511,n333,p505
n125,n512,p506
n512,n513,p507
n513,n134,p508
n126,n514,p509
n514,n515,p510
n515,n516,p511
n516,n139,p512
n128,n517,p513
n517,n518,p514
n518,n332,p515
n129,n519,p516
n519,n140,p517
n129,n520,p518
n520,n521,p519
n521,n141,p520
n130,n522,p521
n522,n138,p522
n132,n523,p523
n523,n137,p524
n132,n524,p525
n524,n136,p526
n138,n525,p527
n525,n145,p528
n139,n526,p529
n526,n527,p530
n527,n152,p531
n140,n528,p532
n528,n529,p533
n529,n150,p534
n142,n530,p535
n530,n152,p536
n142,n531,p537
n531,n147,p538
n143,n532,p539
n532,n149,p540
n143,n533,p541
n533,n156,p542
n144,n534,p543
n534,n535,p544
n535,n536,p545
n536,n161,p546
n146,n537,p547
n537,n150,p548
n148,n538,p549
n538,n334,p550
n149,n539,p551
n539,n157,p552
n151,n540,p553
n540,n333,p554
n154,n541,p555
n541,n332,p556
n155,n542,p557
n542,n543,p558
n543,n163,p559
n157,n544,p560
n544,n165,p561
n158,n545,p562
n545,n546,p563
n546,n547,p564
n547,n548,p565
n548,n165,p566
n158,n549,p567
n549,n550,p568
n550,n172,p569
n159,n551,p570
n551,n552,p571
n552,n167,p572
n160,n553,p573
n553,n554,p574
n554,n555,p575
n555,n177,p576
n161,n556,p577
n556,n168,p578
n162,n557,p579
n557,n170,p580
n164,n558,p581
n558,n559,p582
n559,n560,p583
n560,n561,p584
n561,n179,p585
n165,n562,p586
n562,n172,p587
n166,n563,p588
n563,n564,p589
n564,n565,p590
n565,n566,p591
n566,n185,p592
n169,n567,p593
n567,n568,p594
n568,n178,p595
n171,n569,p596
n569,n570,p597
n570,n571,p598
n571,n572,p599
n572,n188,p600
n173,n573,p601
n573,n574,p602
n574,n575,p603
n575,n576,p604
n576,n189,p605
n176,n577,p606
n577,n181,p607
n176,n578,p608
n578,n184,p609
n182,n579,p610
n579,n184,p611
n186,n580,p612
n580,n193,p613
n187,n581,p614
n581,n582,p615
n582,n195,p616
n191,n583,p617
n583,n584,p618
n584,n585,p619
n585,n198,p620
n191,n586,p621
n586,n587,p622
n587,n196,p623
n192,n588,p624
n588,n194,p625
n194,n589,p626
n589,n590,p627
n590,n197,p628
n195,n591,p629
n591,n197,p630
n196,n592,p631
n592,n593,p632
n593,n594,p633
n594,n595,p634
n595,n199,p635
n196,n596,p636
n596,n597,p637
n597,n598,p638
n598,n200,p639
n198,n599,p640
n599,n600,p641
n600,n601,p642
n601,n203,p643
n198,n602,p644
n602,n603,p645
n603,n200,p646
n199,n604,p647
n604,n605,p648
n605,n606,p649
n606,n607,p650
n607,n204,p651
n199,n608,p652
n608,n609,p653
n609,n610,p654
n610,n611,p655
n611,n612,p656
n612,n613,p657
n613,n200,p658
n200,n614,p659
n614,n201,p660
n200,n615,p661
n615,n616,p662
n616,n617,p663
n617,n204,p664
n201,n618,p665
n618,n203,p666
n202,n619,p667
n619,n620,p668
n620,n621,p669
n621,n214,p670
n204,n622,p671
n622,n214,p672
n206,n623,p673
n623,n226,p674
n207,n624,p675
n624,n210,p676
n208,n625,p677
n625,n337,p678
n211,n626,p679
n626,n233,p680
n218,n627,p681
n627,n220,p682
n218,n628,p683
n628,n629,p684
n629,n335,p685
n219,n630,p686
n630,n222,p687
n219,n631,p688
n631,n338,p689
n220,n632,p690
n632,n633,p691
n633,n634,p692
n634,n635,p693
n635,n636,p694
n636,n230,p695
n222,n637,p696
n637,n638,p697
n638,n639,p698
n639,n640,p699
n640,n641,p700
n641,n229,p701
n223,n642,p702
n642,n643,p703
n643,n644,p704
n644,n232,p705
n223,n645,p706
n645,n646,p707
n646,n647,p708
n647,n648,p709
n648,n228,p710
n224,n649,p711
n649,n650,p712
n650,n651,p713
n651,n235,p714
n224,n652,p715
n652,n225,p716
n225,n653,p717
n653,n654,p718
n654,n239,p719
n225,n655,p720
n655,n656,p721
n656,n657,p722
n657,n241,p723
n228,n658,p724
n658,n240,p725
n230,n659,p726
n659,n660,p727
n660,n248,p728
n240,n661,p729
n661,n662,p730
n662,n663,p731
n663,n252,p732
n245,n664,p733
n664,n665,p734
n665,n666,p735
n666,n258,p736
n246,n667,p737
n667,n254,p738
n248,n668,p739
n668,n669,p740
n669,n670,p741
n670,n671,p742
n671,n672,p743
n672,n271,p744
n251,n673,p745
n673,n674,p746
n674,n675,p747
n675,n260,p748
n252,n676,p749
n676,n255,p750
n255,n677,p751
n677,n264,p752
n257,n678,p753
n678,n265,p754
n257,n679,p755
n679,n680,p756
n680,n263,p757
n261,n681,p758
n681,n682,p759
n682,n272,p760
n262,n683,p761
n683,n264,p762
n263,n684,p763
n684,n685,p764
n685,n686,p765
n686,n283,p766
n266,n687,p767
n687,n270,p768
n266,n688,p769
n688,n278,p770
n269,n689,p771
n689,n690,p772
n690,n284,p773
n270,n691,p774
n691,n272,p775
n271,n692,p776
n692,n693,p777
n693,n694,p778
n694,n695,p779
n695,n696,p780
n696,n298,p781
n272,n697,p782
n697,n698,p783
n698,n285,p784
n273,n699,p785
n699,n700,p786
n700,n290,p787
n274,n701,p788
n701,n702,p789
n702,n287,p790
n277,n703,p791
n703,n704,p792
n704,n705,p793
n705,n290,p794
n279,n706,p795
n706,n288,p796
n279,n707,p797
n707,n285,p798
n281,n708,p799
n708,n295,p800
n282,n709,p801
n709,n710,p802
n710,n711,p803
n711,n712,p804
n712,n311,p805
n285,n713,p806
n713,n714,p807
n714,n715,p808
n715,n716,p809
n716,n717,p810
n717,n313,p811
n286,n718,p812
n718,n719,p813
n719,n720,p814
n720,n721,p815
n721,n722,p816
n722,n723,p817
n723,n320,p818
n287,n724,p819
n724,n725,p820
n725,n304,p821
n289,n726,p822
n726,n727,p823
n727,n728,p824
n728,n729,p825
n729,n730,p826
n730,n731,p827
n731,n322,p828
n294,n732,p829
n732,n299,p830
n294,n733,p831
n733,n734,p832
n734,n301,p833
n295,n735,p834
n735,n736,p835
n736,n307,p836
n296,n737,p837
n737,n304,p838
n298,n738,p839
n738,n739,p840
n739,n740,p841
n740,n314,p842
n299,n741,p843
n741,n742,p844
n742,n743,p845
n743,n744,p846
n744,n745,p847
n745,n323,p848
n300,n746,p849
n746,n747,p850
n747,n748,p851
n748,n749,p852
n749,n319,p853
n302,n750,p854
n750,n310,p855
n305,n751,p856
n751,n752,p857
n752,n753,p858
n753,n754,p859
n754,n755,p860
n755,n324,p861
n306,n756,p862
n756,n757,p863
n757,n318,p864
n307,n758,p865
n758,n311,p866
n309,n759,p867
n759,n315,p868
n312,n760,p869
n760,n317,p870
n313,n761,p871
n761,n321,p872
n315,n762,p873
n762,n318,p874
n318,n763,p875
n763,n764,p876
n764,n325,p877
n319,n765,p878
n765,n766,p879
n766,n767,p880
n767,n768,p881
n768,n769,p882
n769,n770,p883
n770,n329,p884
n321,n771,p885
n771,n772,p886
n772,n773,p887
n773,n330,p888
n329,n774,p889
n774,n331,p890
n330,n775,p891
n775,n331,p892
n335,n776,p893
n776,n340,p894
n338,n777,p895
n777,n339,p896
n338,n778,p897
n778,n779,p898
n779,n342,p899
n338,n780,p900
n780,n781,p901
n781,n341,p902
n341,n782,p903
n782,n342,p904
n46,n47,p905
